model,average,count
gpt-4o,0.4035399999999999,5
o4-mini,0.45875925925925926,6
o3,0.5027777777777778,6
gpt-5,0.5573962962962963,6
